region_id,year,t,rain,wsi,spi,z,t_dt,z_dt,region_name
349,1989,26.25208333333333,46.759416666666674,,-0.8952857142857142,,0.5010726190476191,,Colon
349,1990,26.047833333333333,70.85225,,0.9744285714285714,,0.25930476190476526,,Colon
349,1991,26.56058333333333,41.05775,94.71657142857143,-1.0337142857142856,,0.734536904761903,,Colon
349,1992,25.83066666666667,51.29666666666666,96.268,-0.6587142857142857,,-0.03289761904761335,,Colon
349,1993,25.84991666666667,69.75941666666667,96.91642857142857,1.3128571428571427,,-0.05116547619047296,,Colon
349,1994,26.384583333333335,47.413999999999994,94.64657142857142,-0.7314285714285714,,0.44598333333333784,,Colon
349,1995,26.553583333333332,47.550916666666666,96.98742857142858,-0.30785714285714283,,0.5774654761904792,,Colon
349,1996,25.705416666666665,57.63816666666667,96.29928571428572,-0.013571428571428568,,-0.3082190476190476,,Colon
349,1997,25.922833333333333,65.64583333333333,96.69785714285715,0.48771428571428566,,-0.12832023809523463,,Colon
349,1998,26.51025,53.290083333333335,95.952,-0.375,,0.42157857142857225,,Colon
349,1999,26.048333333333332,62.089333333333336,96.15628571428572,0.167,,-0.07785595238095055,,Colon
349,2000,25.490333333333336,63.092999999999996,94.01057142857142,0.31442857142857145,,-0.673373809523806,,Colon
349,2001,25.786416666666668,66.6335,97.19885714285715,0.6652857142857143,0.5465714285714285,-0.41480833333332967,0.25677755102040806,Colon
349,2002,26.170749999999998,60.903083333333335,97.316,0.30742857142857144,-0.02664285714285714,-0.06799285714285475,-0.2922872448979592,Colon
349,2003,26.513416666666668,47.992416666666664,96.199,-0.9375714285714286,-0.332,0.23715595238095588,-0.5734948979591837,Colon
349,2004,26.040916666666664,50.119499999999995,94.87971428571429,-0.3162857142857143,0.5637857142857143,-0.2728619047619034,0.346440306122449,Colon
349,2005,26.504666666666665,60.32533333333333,97.581,0.438,0.32,0.15337023809523842,0.12680408163265305,Colon
349,2006,26.196416666666664,72.10783333333333,96.26842857142857,1.516142857142857,0.36414285714285716,-0.1923976190476182,0.19509642857142856,Colon
349,2007,26.36491666666667,63.72116666666667,95.29928571428572,0.26657142857142857,0.324,-0.06141547619047216,0.1791030612244898,Colon
349,2008,26.435166666666664,52.8025,94.97242857142858,0.20028571428571426,0.09935714285714285,-0.028683333333333394,-0.021390306122448993,Colon
349,2009,26.450333333333333,55.559583333333336,96.503,-0.5325714285714286,-0.2737142857142857,-0.05103452380951978,-0.37031224489795916,Colon
349,2010,26.62008333333333,69.14591666666666,98.581,1.3665714285714288,0.8166428571428572,0.08119761904761802,0.7441943877551022,Colon
349,2011,26.448083333333333,58.919916666666666,96.77142857142857,-0.25942857142857145,0.09828571428571428,-0.12832023809523463,0.049986734693877544,Colon
349,2012,26.248833333333334,58.10641666666667,97.41685714285714,0.022428571428571433,-0.04714285714285715,-0.36508809523809305,-0.07129234693877552,Colon
349,2013,26.183333333333334,57.02058333333333,96.32242857142856,-0.30428571428571427,-0.16942857142857146,-0.46810595238094876,-0.16942857142857146,Colon
349,2014,26.55,45.25966666666667,96.186,-1.054142857142857,-0.6697857142857143,-0.13895714285714078,-0.645636224489796,Colon
349,2015,26.311666666666667,53.73075,94.47357142857143,0.5327142857142857,0.0815,-0.41480833333332967,0.12979897959183673,Colon
349,2016,26.93858333333333,60.200250000000004,97.55757142857144,-0.129,-0.22685714285714287,0.17459047619047752,-0.15440867346938775,Colon
349,2017,26.77916666666667,80.59216666666667,97.63771428571428,1.5072857142857143,0.011857142857142865,-0.022344047619043295,0.10845510204081635,Colon
349,2018,26.21783333333333,52.56891666666667,97.90671428571429,0.2704285714285714,-0.01928571428571428,-0.6211952380952361,0.10146173469387756,Colon
349,2019,27.394916666666663,32.89625,87.20585714285714,-1.820142857142857,-0.02228571428571428,0.5183702380952369,0.12261122448979593,Colon
349,2020,27.22425,63.903083333333335,97.69914285714286,0.1217142857142857,-0.2639285714285714,0.31018571428571917,-0.0948821428571428,Colon
349,2021,27.044583333333335,32.957,90.41942857142855,-1.8982857142857144,-0.33635714285714285,0.09300119047619404,-0.1431612244897959,Colon
349,2022,26.39975,61.00025,98.19828571428572,0.6802857142857144,0.3361428571428572,-0.589349999999996,0.5534882653061225,Colon
349,2023,27.718500000000002,61.67908333333333,95.90557142857142,0.18514285714285714,-0.6041428571428571,0.6918821428571498,-0.36264795918367343,Colon
349,2024,27.697083333333335,49.486250000000005,95.497,-0.8524285714285714,-0.11485714285714287,0.6329476190476235,0.1507872448979592,Colon
349,2025,27.138583333333333,57.56875,98.36085714285714,0.15414285714285716,0.092,0.03692976190476571,0.38179387755102046,Colon
349,2026,27.5335,46.673750000000005,94.19857142857143,-1.5434285714285714,0.19707142857142856,0.3943285714285736,0.5110147959183673,Colon
355,1989,24.592583333333334,38.16191666666666,,-0.6415714285714286,,0.40416547619048515,,Atlantida
355,1990,24.611500000000003,43.882083333333334,,-0.34700000000000003,,0.38536190476191834,,Atlantida
355,1991,24.78033333333333,29.6645,90.353,-1.1421428571428571,,0.5164750000000069,,Atlantida
355,1992,24.15433333333333,47.71675,96.25099999999999,0.5404285714285714,,-0.14724523809523404,,Atlantida
355,1993,24.448333333333334,45.7655,98.62814285714285,0.3678571428571429,,0.10903452380953382,,Atlantida
355,1994,24.548666666666666,23.842083333333335,89.8382857142857,-2.2447142857142857,,0.1716476190476257,,Atlantida
355,1995,24.846083333333336,50.987249999999996,94.65157142857143,0.5075714285714286,,0.4313440476190564,,Atlantida
355,1996,24.29625,45.2775,99.674,0.5854285714285714,,-0.15620952380951536,,Atlantida
355,1997,24.5675,50.88316666666666,96.31985714285715,0.5937142857142857,,0.07732023809524335,,Atlantida
355,1998,24.93133333333333,38.97341666666667,95.43085714285714,-0.48128571428571426,,0.40343333333333575,,Atlantida
355,1999,24.3155,55.898500000000006,98.70485714285714,1.0231428571428571,,-0.25012023809523143,,Atlantida
355,2000,23.93466666666667,35.844833333333334,94.21814285714287,-0.6317142857142858,,-0.6686738095238027,,Atlantida
355,2001,24.260583333333333,40.42075,94.73471428571429,-0.33599999999999997,-0.09607142857142859,-0.38047738095237804,-0.16010714285714284,Atlantida
355,2002,24.559250000000002,39.476,96.78957142857143,-0.005857142857142846,-0.177,-0.11953095238094491,-0.2356994047619047,Atlantida
355,2003,24.843833333333333,36.38491666666667,96.17985714285714,-0.7807142857142857,0.09285714285714286,0.12733214285714567,0.03949404761904765,Atlantida
355,2004,24.571583333333333,37.728,98.28757142857144,-0.32642857142857146,0.050357142857142864,-0.18263809523809016,0.0023303571428571757,Atlantida
355,2005,25.040583333333334,49.51616666666666,99.10799999999999,0.48057142857142854,0.5324285714285715,0.2486416666666713,0.4897380952380953,Atlantida
355,2006,24.68241666666667,55.0485,97.75757142857142,1.6231428571428572,0.1653571428571429,-0.14724523809523404,0.12800297619047624,Atlantida
355,2007,24.804000000000002,41.972,92.26114285714286,-0.34542857142857136,-0.4198571428571428,-0.06338214285713661,-0.4518749999999999,Atlantida
355,2008,24.79658333333333,47.044333333333334,96.82642857142856,0.704,0.027571428571428587,-0.10851904761904763,0.0008898809523809822,Atlantida
355,2009,24.84783333333333,42.455333333333336,97.03642857142857,-0.07928571428571429,-0.17657142857142855,-0.09498928571428777,-0.19791666666666663,Atlantida
355,2010,25.383166666666668,66.68216666666667,99.62557142857143,1.8027142857142857,0.7103571428571429,0.4026238095238135,0.6943482142857144,Atlantida
355,2011,25.06675,48.12766666666666,95.30585714285715,0.1717142857142857,-0.22892857142857145,0.04848690476190498,-0.2396011904761905,Atlantida
355,2012,24.792916666666667,61.70541666666666,98.88371428571429,1.3822857142857143,0.45585714285714285,-0.263066666666667,0.4505208333333333,Atlantida
355,2013,24.675416666666667,56.87566666666667,99.14442857142856,1.2372857142857143,0.12135714285714286,-0.4182869047619029,0.12135714285714286,Atlantida
355,2014,24.899583333333336,39.97516666666667,97.76157142857143,-0.4598571428571429,-0.5281428571428571,-0.23184047619047377,-0.5228065476190477,Atlantida
355,2015,24.94225,29.203666666666667,97.49542857142856,-0.362,-0.30942857142857144,-0.22689404761904797,-0.2987559523809524,Atlantida
355,2016,25.326916666666666,35.59308333333333,94.70942857142857,-0.7604285714285715,0.008714285714285716,0.12005238095238013,0.02472321428571428,Atlantida
355,2017,25.37091666666667,51.35008333333334,99.11214285714286,1.1039999999999999,0.34071428571428575,0.12633214285714445,0.36205952380952383,Atlantida
355,2018,24.868583333333333,34.99525,95.61685714285714,-0.024999999999999998,-0.01100000000000001,-0.4137214285714279,0.015681547619047595,Atlantida
355,2019,25.61708333333333,21.012333333333334,93.18942857142858,-1.6464285714285716,-0.006142857142857144,0.29705833333332876,0.02587499999999998,Atlantida
355,2020,25.49625,40.10633333333333,97.729,-0.13314285714285715,0.3353571428571429,0.13850476190475902,0.37271130952380954,Atlantida
355,2021,25.450083333333335,29.647833333333335,97.16814285714285,-0.6718571428571429,-0.02592857142857143,0.054617857142858384,0.01676190476190474,Atlantida
355,2022,24.93558333333333,48.85158333333334,99.226,0.44728571428571434,0.05628571428571428,-0.4976023809523866,0.10431249999999997,Atlantida
355,2023,25.937833333333334,31.377916666666668,91.247,-1.0742857142857143,-0.5499285714285714,0.4669273809523773,-0.4965654761904762,Atlantida
355,2024,26.090416666666666,39.520833333333336,89.25742857142858,-0.5154285714285715,-0.7797857142857143,0.5817904761904735,-0.7210863095238096,Atlantida
355,2025,25.595166666666668,38.82833333333333,98.47514285714286,-0.055142857142857125,0.31485714285714284,0.04882023809523517,0.3788928571428571,Atlantida
355,2026,25.85475,27.186666666666667,94.08571428571429,-1.8334285714285714,-0.8959999999999999,0.27068333333332717,-0.8266279761904761,Atlantida
807,1989,25.705,70.125,,-1.8599999999999999,,0.28470454545454515,,Gracias A Dios
807,1990,25.55125,127.75,,0.6914285714285714,,0.09402272727272631,,Gracias A Dios
807,1991,25.88625,82.5,100.0,-1.782857142857143,,0.3920909090909106,,Gracias A Dios
807,1992,25.3625,128.25,100.0,-0.6514285714285715,,-0.16859090909090924,,Gracias A Dios
807,1993,25.31875,162.125,100.0,1.6114285714285714,,-0.2492727272727251,,Gracias A Dios
807,1994,25.605,111.75,100.0,-0.6142857142857142,,4.545454545379357e-05,,Gracias A Dios
807,1995,26.11,104.125,100.0,-0.6228571428571428,,0.46811363636363623,,Gracias A Dios
807,1996,25.385,106.5,100.0,-0.8828571428571428,,-0.29381818181818176,,Gracias A Dios
807,1997,25.73,144.25,100.0,0.6085714285714285,,0.01425000000000054,,Gracias A Dios
807,1998,26.236250000000002,117.25,100.0,-0.3657142857142857,,0.4835681818181854,,Gracias A Dios
807,1999,25.6325,166.375,100.0,0.28285714285714286,,-0.1571136363636363,,Gracias A Dios
807,2000,25.24375,164.125,100.0,0.8314285714285715,,-0.5827954545454546,,Gracias A Dios
807,2001,25.86375,149.5,100.0,0.3057142857142857,-0.4247142857142857,0.00027272727272631414,-0.5016428571428572,Gracias A Dios
807,2002,25.99875,143.25,100.0,1.0457142857142858,0.04321428571428572,0.09834090909091131,-0.02730357142857144,Gracias A Dios
807,2003,25.96,122.0,100.0,-1.1142857142857143,0.16892857142857143,0.022659090909090907,0.10482142857142857,Gracias A Dios
807,2004,26.045,115.25,100.0,0.6228571428571429,0.5693571428571429,0.07072727272727519,0.5116607142857144,Gracias A Dios
807,2005,26.52875,136.625,100.0,0.20857142857142857,0.04357142857142857,0.5175454545454521,-0.007714285714285722,Gracias A Dios
807,2006,26.19375,158.0,100.0,1.3257142857142856,-0.40135714285714286,0.14561363636363822,-0.44623214285714285,Gracias A Dios
807,2007,26.17875,140.5,100.0,0.09428571428571428,-0.03621428571428571,0.09368181818181753,-0.07467857142857143,Gracias A Dios
807,2008,25.86,126.125,100.0,0.3028571428571429,-0.4376428571428571,-0.26200000000000045,-0.46969642857142857,Gracias A Dios
807,2009,26.21625,127.375,100.0,-0.5971428571428571,0.39357142857142857,0.05731818181818227,0.36792857142857144,Gracias A Dios
807,2010,26.29875,168.25,100.0,1.0885714285714285,0.28235714285714286,0.10288636363636172,0.263125,Gracias A Dios
807,2011,26.1175,126.375,100.0,-0.10571428571428572,-0.5756428571428571,-0.11529545454545342,-0.5884642857142857,Gracias A Dios
807,2012,26.23875,124.125,100.0,-0.07428571428571429,0.6939285714285715,-0.030977272727273686,0.6875178571428572,Gracias A Dios
807,2013,25.94625,144.875,100.0,0.18571428571428572,-0.1242142857142857,-0.3604090909090907,-0.1242142857142857,Gracias A Dios
807,2014,26.1975,110.75,100.0,-1.2314285714285715,-0.46914285714285714,-0.14609090909090838,-0.46273214285714287,Gracias A Dios
807,2015,26.25125,103.375,100.0,0.6171428571428572,-0.11992857142857144,-0.12927272727272765,-0.10710714285714287,Gracias A Dios
807,2016,26.4175,149.5,100.0,0.22571428571428573,0.4694285714285714,4.545454545379357e-05,0.4886607142857143,Gracias A Dios
807,2017,26.48,196.125,100.0,2.04,-0.19214285714285717,0.025613636363637227,-0.16650000000000004,Gracias A Dios
807,2018,26.002499999999998,136.125,100.0,0.47714285714285715,0.47885714285714287,-0.4888181818181856,0.5109107142857143,Gracias A Dios
807,2019,26.79,84.5,100.0,-1.3314285714285714,-0.6694285714285715,0.26174999999999926,-0.6309642857142858,Gracias A Dios
807,2020,26.75375,108.875,100.0,-1.2114285714285715,0.3236428571428571,0.1885681818181837,0.3685178571428571,Gracias A Dios
807,2021,26.41375,98.25,100.0,-1.2771428571428571,0.010999999999999992,-0.1883636363636363,0.06228571428571429,Gracias A Dios
807,2022,25.915,138.25,100.0,0.5428571428571428,0.08135714285714288,-0.724045454545454,0.13905357142857144,Gracias A Dios
807,2023,27.2275,151.75,100.0,0.6114285714285714,-0.6462857142857144,0.5515227272727259,-0.5821785714285714,Gracias A Dios
807,2024,27.146250000000002,109.625,100.0,-1.3885714285714286,-1.2120714285714285,0.43334090909091216,-1.1415535714285714,Gracias A Dios
807,2025,26.71875,144.0,100.0,0.5485714285714286,1.3044285714285715,-0.031090909090909946,1.381357142857143,Gracias A Dios
807,2026,27.2125,153.625,100.0,0.08571428571428572,1.524142857142857,0.42572727272727207,1.6074821428571426,Gracias A Dios
812,1989,21.826333333333334,99.96066666666667,,0.1002857142857143,,0.6698523809523813,,Intibuca
812,1990,21.687083333333334,110.56091666666667,,1.1467142857142858,,0.48399523809523615,,Intibuca
812,1991,21.8015,79.29683333333334,99.41785714285713,-0.09585714285714285,,0.5518047619047621,,Intibuca
812,1992,21.247249999999998,107.85091666666666,96.96557142857144,1.615,,-0.04905238095238573,,Intibuca
812,1993,21.473916666666668,90.45475,99.76428571428572,0.2394285714285714,,0.13100714285714332,,Intibuca
812,1994,21.904583333333335,80.70041666666667,99.612,-0.4414285714285714,,0.5150666666666659,,Intibuca
812,1995,21.818166666666666,107.19941666666666,99.72942857142857,0.6035714285714285,,0.38204285714285646,,Intibuca
812,1996,21.225416666666668,88.23466666666667,99.79114285714286,0.229,,-0.25731428571428694,,Intibuca
812,1997,21.66175,79.33550000000001,99.40328571428572,0.10042857142857142,,0.13241190476190567,,Intibuca
812,1998,22.069916666666668,83.77991666666667,89.41328571428572,-0.5464285714285715,,0.4939714285714274,,Intibuca
812,1999,21.122333333333334,82.58408333333334,99.46799999999999,-0.3605714285714286,,-0.5002190476190478,,Intibuca
812,2000,20.801750000000002,83.51141666666666,99.36914285714285,-0.30514285714285716,,-0.8674095238095241,,Intibuca
812,2001,21.119416666666666,75.216,98.45742857142857,-0.9907142857142858,-1.7087857142857144,-0.596350000000001,-1.3912738095238095,Intibuca
812,2002,21.74825,64.25233333333334,91.50857142857144,-1.3124285714285713,-1.1517142857142857,-0.01412380952381298,-0.8606617063492064,Intibuca
812,2003,22.01075,82.29266666666666,99.45085714285713,0.10757142857142857,-0.23042857142857145,0.2017690476190488,0.034164682539682495,Intibuca
812,2004,21.4415,80.21466666666667,99.98457142857144,-0.37242857142857144,-0.24092857142857144,-0.4140880952380961,-0.0027946428571428705,Intibuca
812,2005,22.05741666666667,125.81991666666666,99.64828571428572,1.9588571428571429,0.5563571428571428,0.15522142857142995,0.768031746031746,Intibuca
812,2006,21.733666666666664,108.53416666666668,99.70014285714286,1.33,0.033714285714285724,-0.21513571428571865,0.21892956349206352,Intibuca
812,2007,22.02775,72.86025,98.49157142857143,-0.9284285714285714,-0.6055714285714285,0.03234047619047686,-0.4468154761904761,Intibuca
812,2008,21.834999999999997,92.78016666666667,98.94928571428571,0.40914285714285714,-0.29085714285714287,-0.2070166666666715,-0.1585605158730159,Intibuca
812,2009,21.791833333333333,87.44324999999999,99.44085714285714,0.3487142857142857,0.27499999999999997,-0.2967904761904805,0.38083730158730156,Intibuca
812,2010,22.31958333333333,134.75458333333333,99.91985714285714,1.8398571428571429,0.8769285714285715,0.18435238095237594,0.9563065476190477,Intibuca
812,2011,22.166749999999997,110.59174999999999,99.4737142857143,1.341,0.36549999999999994,-0.015088095238102284,0.4184186507936507,Intibuca
812,2012,21.892833333333332,98.64941666666665,99.97028571428571,0.197,0.4247857142857143,-0.33561190476190816,0.4512450396825397,Intibuca
812,2013,21.996916666666667,87.34266666666667,99.53428571428572,-0.06457142857142857,-0.012000000000000007,-0.2781357142857175,-0.012000000000000007,Intibuca
812,2014,22.045749999999998,78.32575,99.42185714285714,-0.6637142857142857,-0.02042857142857143,-0.2759095238095277,-0.04688789682539683,Intibuca
812,2015,22.271500000000003,54.15983333333333,92.02957142857143,-1.2694285714285714,-1.6862857142857142,-0.09676666666666733,-1.739204365079365,Intibuca
812,2016,22.730500000000003,74.4205,98.83928571428571,-0.8727142857142857,-0.06728571428571428,0.3156261904761912,-0.1466636904761905,Intibuca
812,2017,22.312166666666666,104.07908333333334,99.52457142857143,1.1312857142857144,0.24150000000000002,-0.14931428571428995,0.13566269841269843,Intibuca
812,2018,22.063083333333335,63.23875,98.70828571428571,-0.8037142857142856,0.30214285714285716,-0.44500476190476235,0.16984623015873018,Intibuca
812,2019,23.358666666666664,68.59908333333334,99.30085714285714,-1.1377142857142857,0.31892857142857145,0.8039714285714226,0.16017261904761906,Intibuca
812,2020,22.66616666666667,101.78758333333333,99.37257142857142,0.49114285714285716,0.06357142857142856,0.06486428571428604,-0.12164384920634924,Intibuca
812,2021,22.791833333333333,64.26783333333333,99.66214285714285,-1.3342857142857143,0.739,0.14392380952380535,0.5273253968253968,Intibuca
812,2022,22.098166666666668,80.21941666666667,99.562,-0.6071428571428571,-0.16164285714285714,-0.596350000000001,-0.3997767857142857,Intibuca
812,2023,23.416833333333333,67.31741666666666,99.71128571428572,-1.0935714285714286,0.15757142857142856,0.6757095238095197,-0.10702182539682539,Intibuca
812,2024,23.583416666666665,73.71966666666667,98.24300000000001,-0.46642857142857147,-0.35014285714285714,0.7956857142857103,-0.6411954365079365,Intibuca
812,2025,22.86425,59.65991666666667,97.16728571428573,-1.1395714285714287,0.4613571428571429,0.02991190476189942,0.14384523809523814,Intibuca
812,2026,23.180666666666667,50.80875,97.59685714285715,-1.5210000000000001,0.23821428571428568,0.29972142857142714,-0.10575694444444447,Intibuca
1418,1989,23.595583333333334,52.112750000000005,,-0.7022857142857143,,0.3464933333333313,,Comayagua
1418,1990,23.676000000000002,56.70908333333333,,0.2925714285714286,,0.3943866666666658,,Comayagua
1418,1991,23.953500000000002,37.848333333333336,95.63528571428571,-0.9801428571428571,,0.639363333333332,,Comayagua
1418,1992,23.395583333333335,55.54316666666666,93.55757142857144,0.696,,0.04892333333333099,,Comayagua
1418,1993,23.278750000000002,71.06808333333333,99.95671428571428,1.3307142857142857,,-0.10043333333333493,,Comayagua
1418,1994,23.905583333333336,39.060249999999996,98.60685714285715,-1.1337142857142857,,0.4938766666666652,,Comayagua
1418,1995,23.480249999999998,86.71375,99.76557142857143,1.1512857142857145,,0.0360199999999935,,Comayagua
1418,1996,23.162833333333335,64.16741666666667,99.59885714285714,0.21285714285714286,,-0.31391999999999953,,Comayagua
1418,1997,23.667,44.25691666666666,94.86800000000001,-0.2938571428571429,,0.15772333333333322,,Comayagua
1418,1998,24.035666666666668,59.291500000000006,82.44871428571427,-0.0892857142857143,,0.49386666666666557,,Comayagua
1418,1999,23.079250000000002,60.041666666666664,98.73142857142857,0.3058571428571429,,-0.4950733333333339,,Comayagua
1418,2000,22.892416666666666,31.141833333333334,84.314,-1.9758571428571428,,-0.7144300000000037,,Comayagua
1418,2001,23.277666666666665,42.02725,93.23657142857142,-1.5994285714285714,-1.8495714285714286,-0.36170333333333815,-1.73615306122449,Comayagua
1418,2002,23.7025,45.877833333333335,84.941,-0.34500000000000003,-0.5015714285714286,0.030606666666663784,-0.3976045918367347,Comayagua
1418,2003,23.789083333333334,61.30991666666666,96.27014285714286,0.7651428571428571,-0.09785714285714284,0.08466666666666356,-0.003341836734693876,Comayagua
1418,2004,23.547166666666666,42.249249999999996,99.81757142857143,-0.7307142857142858,-0.22614285714285715,-0.1897733333333349,-0.1410790816326531,Comayagua
1418,2005,23.863249999999997,89.87325,99.07942857142858,2.098,0.7983571428571429,0.09378666666666291,0.873969387755102,Comayagua
1418,2006,23.855166666666666,61.19816666666667,98.51657142857142,0.687,-0.07050000000000001,0.05317999999999756,-0.004339285714285726,Comayagua
1418,2007,23.874333333333336,46.647333333333336,94.33771428571428,-0.658,-0.3731428571428571,0.03982333333333443,-0.3164336734693877,Comayagua
1418,2008,23.562166666666666,65.13425,95.346,0.6101428571428571,-0.2770714285714286,-0.30486666666666906,-0.2298137755102041,Comayagua
1418,2009,23.70266666666667,59.79750000000001,97.91057142857143,0.9215714285714286,0.6019285714285715,-0.1968899999999998,0.6397346938775511,Comayagua
1418,2010,23.920666666666666,91.04025,99.99271428571429,1.832857142857143,1.0807142857142855,-0.01141333333333705,1.1090688775510202,Comayagua
1418,2011,23.866833333333332,73.06691666666667,97.213,1.3571428571428572,0.16792857142857143,-0.09777000000000413,0.1868316326530612,Comayagua
1418,2012,23.610166666666668,56.79191666666667,99.50371428571428,-0.05828571428571429,0.6067142857142857,-0.38696000000000197,0.6161658163265306,Comayagua
1418,2013,23.85275,62.86916666666667,98.361,0.35571428571428576,-0.003928571428571431,-0.17689999999999984,-0.003928571428571431,Comayagua
1418,2014,23.875333333333334,46.009416666666674,94.68299999999999,-0.8678571428571429,0.08792857142857143,-0.18684000000000012,0.07847704081632653,Comayagua
1418,2015,24.53233333333333,36.81066666666667,84.4162857142857,-0.6208571428571429,-1.3995000000000002,0.4376366666666627,-1.41840306122449,Comayagua
1418,2016,24.493166666666667,56.879583333333336,96.52557142857142,-0.25257142857142856,-0.5544285714285715,0.365946666666666,-0.5827831632653062,Comayagua
1418,2017,23.950916666666668,55.69233333333333,98.949,0.26871428571428574,0.12707142857142859,-0.20882666666666694,0.089265306122449,Comayagua
1418,2018,23.879833333333334,43.80875,96.59414285714286,-0.23585714285714282,0.29014285714285715,-0.3124333333333347,0.24288520408163267,Comayagua
1418,2019,24.52725,37.363166666666665,96.80714285714285,-1.0774285714285714,-0.0021428571428571686,0.3024599999999964,-0.05885204081632655,Comayagua
1418,2020,24.24116666666667,62.80533333333333,97.04957142857143,0.4014285714285714,-0.19678571428571429,-0.01614666666666764,-0.2629464285714286,Comayagua
1418,2021,24.397499999999997,45.97683333333333,93.77028571428572,-0.5181428571428571,0.24735714285714286,0.10766333333333122,0.17174489795918368,Comayagua
1418,2022,23.729666666666663,51.80733333333333,99.33085714285714,-0.5011428571428571,0.36242857142857143,-0.5926933333333366,0.2773647959183674,Comayagua
1418,2023,24.84875,44.98,99.48171428571429,-0.6744285714285715,-0.1625,0.49386666666666557,-0.25701530612244894,Comayagua
1418,2024,25.134083333333333,50.19608333333333,83.61500000000001,-0.14614285714285713,-0.5451428571428572,0.7466766666666658,-0.649109693877551,Comayagua
1418,2025,24.460916666666666,43.581250000000004,90.19628571428572,-0.5952857142857143,0.04378571428571429,0.04098666666666517,-0.06963265306122447,Comayagua
1418,2026,25.22275,32.434,89.12528571428571,-1.3855714285714285,0.01985714285714285,0.7702966666666669,-0.1030127551020408,Comayagua
2199,1989,27.66333333333333,76.2015,,-1.2027142857142858,,0.1952597069597104,,Choluteca
2199,1990,28.384666666666664,75.09383333333334,,-0.40914285714285714,,0.8858815018315056,,Choluteca
2199,1991,28.318250000000003,58.379583333333336,87.75985714285714,-0.7885714285714285,,0.7887532967033053,,Choluteca
2199,1992,27.869583333333335,79.54950000000001,92.03871428571428,0.053142857142857144,,0.3093750915750988,,Choluteca
2199,1993,27.427166666666665,115.34375,96.231,1.1780000000000002,,-0.16375311355310984,,Choluteca
2199,1994,28.47458333333333,60.65391666666667,88.07928571428572,-1.3448571428571428,,0.8529520146520184,,Choluteca
2199,1995,26.790916666666664,125.59933333333333,98.325,0.654,,-0.8614261904761875,,Choluteca
2199,1996,26.998416666666667,117.35108333333334,97.30957142857143,0.9624285714285714,,-0.684637728937723,,Choluteca
2199,1997,29.06925,69.21358333333333,84.0217142857143,-0.398,,1.3554840659340712,,Choluteca
2199,1998,28.181083333333333,103.77766666666666,78.56271428571428,0.20457142857142857,,0.43660586080586583,,Choluteca
2199,1999,26.752916666666668,112.83125,96.24957142857143,0.7805714285714285,,-1.0222723443223387,,Choluteca
2199,2000,27.52775,85.56433333333332,90.36485714285713,-0.17557142857142857,,-0.27815054945054385,,Choluteca
2199,2001,27.920749999999998,70.78191666666666,87.691,-1.1687142857142858,-0.9765714285714286,0.08413791208791466,-0.6857630252100841,Choluteca
2199,2002,28.70875,79.52041666666666,70.45042857142857,-0.13614285714285715,-0.9167142857142858,0.8414263736263727,-0.6501399159663867,Choluteca
2199,2003,27.875583333333335,109.76616666666666,90.86728571428571,1.0665714285714285,-0.29378571428571426,-0.02245183150182939,-0.05144537815126046,Choluteca
2199,2004,28.19475,71.58241666666667,94.26828571428572,-0.5878571428571429,-0.24635714285714283,0.26600329670329614,-0.028250840336134397,Choluteca
2199,2005,27.50425,118.65091666666667,93.66257142857144,1.034142857142857,0.28114285714285714,-0.4552082417582426,0.4750151260504202,Choluteca
2199,2006,27.82641666666667,90.93841666666667,93.21514285714285,0.4227142857142857,0.1722142857142857,-0.16375311355310984,0.34185252100840335,Choluteca
2199,2007,27.15733333333333,100.0455,97.45042857142857,-0.2,0.7296428571428571,-0.8635479853479886,0.8750470588235294,Choluteca
2199,2008,27.09358333333333,114.07316666666667,89.08828571428572,0.5142857142857142,-0.4899285714285715,-0.9580095238095261,-0.3687584033613446,Choluteca
2199,2009,28.061916666666665,78.45308333333334,92.76928571428572,0.12185714285714286,0.4549285714285714,-0.020387728937730998,0.5518647058823529,Choluteca
2199,2010,27.1255,171.23216666666667,98.095,2.367857142857143,0.14057142857142857,-0.9875159340659359,0.2132735294117647,Choluteca
2199,2011,27.324333333333332,141.9915,91.87557142857143,1.6235714285714287,0.6322142857142857,-0.8193941391941415,0.6806823529411765,Choluteca
2199,2012,27.550416666666667,103.52458333333334,92.57257142857144,0.2824285714285714,0.9509285714285715,-0.6240223443223449,0.9751626050420168,Choluteca
2199,2013,28.044833333333333,75.83966666666667,95.71257142857144,-0.5031428571428571,-0.5675,-0.1603172161172175,-0.5675,Choluteca
2199,2014,28.959333333333333,64.82883333333332,86.04471428571428,-1.2177142857142857,-0.2872857142857143,0.7234712454212442,-0.3115197478991597,Choluteca
2199,2015,29.918583333333334,37.76075,69.39928571428571,-2.0644285714285715,-1.680142857142857,1.6520097069597028,-1.7286109243697476,Choluteca
2199,2016,28.652583333333336,75.19291666666666,89.97671428571428,-0.5854285714285714,-0.19342857142857145,0.355298168498166,-0.2661306722689076,Choluteca
2199,2017,27.89741666666667,102.37716666666667,96.25814285714286,0.7057142857142857,0.5037857142857143,-0.4305800366300403,0.40684957983193276,Choluteca
2199,2018,28.612083333333334,70.44375000000001,82.8397142857143,-0.27142857142857146,-0.14935714285714288,0.2533750915750872,-0.27052731092436977,Choluteca
2199,2019,28.880750000000003,60.817,84.01985714285715,-1.0335714285714286,-0.16185714285714287,0.49133021978021674,-0.3072613445378152,Choluteca
2199,2020,28.169083333333333,99.19041666666668,91.89857142857143,0.37857142857142856,-0.2147142857142857,-0.25104798534799144,-0.38435252100840334,Choluteca
2199,2021,28.519000000000002,94.31316666666667,85.70299999999999,-0.1762857142857143,0.031857142857142855,0.06815714285713881,-0.16201512605042018,Choluteca
2199,2022,27.550583333333332,95.04475000000001,98.27528571428572,0.31842857142857145,0.6517142857142857,-0.9309710622710696,0.43360798319327726,Choluteca
2199,2023,29.190916666666666,70.58,95.28657142857142,-0.5201428571428571,0.4436428571428571,0.6786507326007261,0.20130252100840332,Choluteca
2199,2024,28.468333333333334,118.01799999999999,98.77957142857143,1.3671428571428572,0.29892857142857143,-0.07464413919414525,0.03235420168067227,Choluteca
2199,2025,29.18875,69.46925,94.36714285714285,-0.7532857142857142,-0.09,0.6150609890109813,-0.3808084033613446,Choluteca
2199,2026,31.074166666666667,45.9075,73.19857142857143,-1.3882857142857143,-1.5192142857142859,2.4697661172161105,-1.8342567226890758,Choluteca
2201,1989,21.68766666666667,79.96666666666667,,0.30342857142857144,,0.30816494708994924,,Copan
2201,1990,21.58975,70.38233333333334,,0.46014285714285713,,0.165854761904761,,Copan
2201,1991,21.82133333333333,71.38425,99.88914285714286,0.025428571428571436,,0.3530445767195758,,Copan
2201,1992,21.40533333333333,75.87233333333334,99.66185714285714,0.7067142857142857,,-0.10734894179894283,,Copan
2201,1993,21.799666666666667,78.15125,99.97514285714286,0.34299999999999997,,0.24259087301587456,,Copan
2201,1994,21.62308333333333,52.11591666666667,99.85900000000001,-1.3275714285714286,,0.021614021164019448,,Copan
2201,1995,22.114,81.169,99.92214285714286,0.06014285714285715,,0.4681371693121683,,Copan
2201,1996,21.554,79.32166666666667,100.0,0.885,,-0.1362563492063522,,Copan
2201,1997,21.790916666666664,64.72583333333334,99.69571428571429,0.26857142857142857,,0.056266798941795315,,Copan
2201,1998,22.246,64.47066666666667,98.74614285714286,-0.4074285714285714,,0.46695661375661146,,Copan
2201,1999,21.500249999999998,66.90183333333333,99.948,-0.1832857142857143,,-0.3231869047619078,,Copan
2201,2000,21.15791666666667,88.92458333333333,99.78457142857143,1.1375714285714287,,-0.709913756613755,,Copan
2201,2001,21.326666666666668,68.42208333333333,97.75685714285714,-0.44757142857142856,-1.4458571428571427,-0.585557275132274,-1.4335362872421695,Copan
2201,2002,21.827416666666664,54.31433333333333,98.94399999999999,-1.1295714285714287,-0.19464285714285717,-0.12920079365079573,-0.18334873949579836,Copan
2201,2003,22.090833333333336,53.59641666666666,99.95828571428571,-0.7748571428571428,0.34471428571428575,0.08982235449735754,0.3549816653934301,Copan
2201,2004,21.623583333333332,47.10941666666667,99.97914285714286,-1.05,-0.115,-0.42182116402116776,-0.10575935828877006,Copan
2201,2005,22.433000000000003,85.76475,99.92928571428571,1.0455714285714286,-0.23164285714285715,0.3432019841269849,-0.22342895339954164,Copan
2201,2006,21.88525,78.33083333333333,99.99671428571428,0.9265714285714285,0.0023571428571428493,-0.24894153439153754,0.009544308632543918,Copan
2201,2007,22.102416666666667,60.33566666666667,96.57985714285714,-1.0484285714285715,-0.7474285714285714,-0.0761683862433884,-0.7412681436210848,Copan
2201,2008,22.047666666666668,84.58641666666666,99.91528571428572,0.7761428571428571,0.03757142857142856,-0.17531190476190517,0.042705118411000755,Copan
2201,2009,22.121750000000002,76.74516666666666,99.99228571428571,0.3937142857142857,0.7067142857142856,-0.14562208994708925,0.7108212375859434,Copan
2201,2010,22.812166666666666,101.96408333333333,99.99857142857142,1.7145714285714284,0.5696428571428571,0.5004010582010565,0.5727230710466005,Copan
2201,2011,22.629499999999997,86.2235,99.98585714285716,1.0811428571428572,0.404,0.2733408730158686,0.4060534759358289,Copan
2201,2012,22.239833333333333,80.41158333333334,99.97500000000001,0.23371428571428574,0.2536428571428571,-0.1607193121693129,0.25466959511077153,Copan
2201,2013,22.171499999999998,69.83725,99.93228571428573,0.20357142857142857,-0.26207142857142857,-0.27344616402116984,-0.26207142857142857,Copan
2201,2014,22.119083333333332,59.53633333333334,99.70457142857143,-0.7691428571428572,-0.09492857142857145,-0.370256349206354,-0.09595530939648589,Copan
2201,2015,22.334166666666665,34.77108333333333,98.75257142857143,-2.2134285714285715,-1.033,-0.19956653439153982,-1.0350534759358287,Copan
2201,2016,22.766583333333333,55.804,99.30085714285714,-0.8819999999999999,-0.2963571428571429,0.18845661375661038,-0.2994373567608862,Copan
2201,2017,22.674083333333332,94.74941666666666,99.97185714285715,1.7654285714285716,0.35471428571428576,0.051563095238090995,0.350607333842628,Copan
2201,2018,22.27575,52.45883333333333,99.88185714285714,-0.8362857142857143,-0.2425,-0.3911637566137607,-0.24763368983957218,Copan
2201,2019,23.02325,50.525,99.91542857142858,-1.2804285714285715,0.7992857142857144,0.31194272486772334,0.7931252864782278,Copan
2201,2020,22.822083333333335,64.39141666666667,99.99185714285714,-0.7012857142857143,0.3339285714285714,0.06638253968253949,0.32674140565317034,Copan
2201,2021,22.769416666666668,70.76941666666666,99.89257142857143,0.18685714285714286,0.5782142857142857,-0.030677645502645845,0.5700003819709701,Copan
2201,2022,22.422666666666668,89.32141666666666,99.97871428571429,1.0574285714285714,-0.21550000000000002,-0.42182116402116776,-0.22474064171122998,Copan
2201,2023,23.449833333333334,62.67358333333333,99.869,-0.4824285714285714,-0.3462857142857143,0.5609519841269801,-0.3565530939648587,Copan
2201,2024,23.878249999999998,58.94616666666667,97.93885714285715,-0.4265714285714286,-0.5229285714285714,0.9449751322751254,-0.5342226890756302,Copan
2201,2025,22.944999999999997,63.059416666666664,96.86742857142858,0.15614285714285714,-0.0827857142857143,-0.032668386243393854,-0.09510656990068755,Copan
2201,2026,23.225166666666667,50.87825,97.76757142857143,-1.0342857142857143,-0.2955714285714286,0.20310476190475768,-0.30891902215431627,Copan
2202,1989,25.921583333333334,42.32758333333333,,-0.8621428571428572,,0.7650561507936509,,Cortes
2202,1990,25.498166666666666,57.98616666666667,,0.7072857142857142,,0.28981309523809173,,Cortes
2202,1991,25.735666666666663,48.92558333333333,99.069,0.031142857142857146,,0.4754867063492014,,Cortes
2202,1992,25.079416666666663,53.32149999999999,98.749,0.5045714285714286,,-0.23258968253968604,,Cortes
2202,1993,25.5415,59.39341666666667,98.96314285714286,0.7847142857142858,,0.1776672619047588,,Cortes
2202,1994,25.850416666666664,39.58275,99.21714285714286,-1.5277142857142858,,0.4347575396825363,,Cortes
2202,1995,26.108166666666666,62.37891666666667,99.519,0.7665714285714286,,0.6406811507936467,,Cortes
2202,1996,25.15133333333333,41.945166666666665,99.88285714285713,-0.4737142857142857,,-0.3679785714285764,,Cortes
2202,1997,25.655916666666666,57.94858333333334,98.62885714285714,0.8107142857142857,,0.08477837301587243,,Cortes
2202,1998,26.09875,52.0695,97.751,0.049714285714285704,,0.47578531746031416,,Cortes
2202,1999,25.3385,54.89075,99.49928571428572,0.44885714285714284,,-0.3362910714285725,,Cortes
2202,2000,24.84091666666667,52.86375,99.26085714285715,0.10628571428571429,,-0.8857007936507948,,Cortes
2202,2001,25.3325,48.29758333333333,97.54571428571428,-0.4074285714285714,-0.09107142857142857,-0.4459438492063512,-0.2458071428571429,Cortes
2202,2002,25.596,51.93933333333334,98.24214285714285,0.14528571428571427,0.17735714285714288,-0.23427023809523817,0.03551607142857144,Cortes
2202,2003,26.15325,44.30291666666667,99.03985714285714,-0.7131428571428572,0.045142857142857144,0.2711533730158706,-0.08380357142857142,Cortes
2202,2004,25.355,47.83783333333333,99.92442857142858,0.08800000000000001,0.38642857142857145,-0.5789230158730163,0.27037678571428575,Cortes
2202,2005,26.324583333333333,54.29125,99.39428571428572,0.263,-0.16114285714285712,0.33883392857142525,-0.2643,Cortes
2202,2006,25.695666666666668,63.556999999999995,99.51671428571429,1.6944285714285716,0.12992857142857142,-0.34190912698412745,0.03966607142857141,Cortes
2202,2007,26.205250000000003,38.655833333333334,95.50800000000001,-1.1584285714285714,-0.35314285714285715,0.1158478174603168,-0.4305107142857143,Cortes
2202,2008,25.94275,58.78333333333333,98.73114285714287,1.095,0.24571428571428572,-0.1984785714285735,0.18124107142857143,Cortes
2202,2009,26.131083333333333,44.853,99.20457142857143,-0.505,-0.3479285714285715,-0.06197162698412839,-0.3995071428571429,Cortes
2202,2010,26.66633333333333,69.20808333333333,99.79585714285714,1.495142857142857,0.5824285714285715,0.4214519841269784,0.543744642857143,Cortes
2202,2011,26.63325,54.28033333333334,99.612,0.221,-0.42157142857142854,0.33654226190476066,-0.4473607142857143,Cortes
2202,2012,25.937166666666666,61.899499999999996,99.22942857142857,1.092857142857143,0.8659285714285714,-0.4113674603174644,0.8530339285714286,Cortes
2202,2013,25.891000000000002,63.33016666666666,99.66185714285714,1.391,0.45385714285714285,-0.5093605158730163,0.45385714285714285,Cortes
2202,2014,26.13525,41.606500000000004,99.68857142857142,-0.757,0.25935714285714284,-0.3169369047619064,0.2722517857142857,Cortes
2202,2015,26.16125,24.960250000000002,98.58399999999999,-1.8118571428571428,-0.6027142857142856,-0.3427632936507976,-0.5769249999999999,Cortes
2202,2016,26.66925,42.90483333333333,97.85842857142858,-0.6372857142857143,-0.37971428571428567,0.1134103174603176,-0.3410303571428571,Cortes
2202,2017,26.665666666666667,55.22808333333333,99.78714285714285,0.6015714285714286,0.194,0.058000595238091535,0.24557857142857142,Cortes
2202,2018,26.26425,45.654333333333334,98.88614285714286,-0.15157142857142855,0.22399999999999998,-0.395242460317462,0.28847321428571426,Cortes
2202,2019,27.352,38.92075,99.57228571428571,-1.3652857142857144,-0.13949999999999999,0.6406811507936467,-0.06213214285714283,Cortes
2202,2020,27.027416666666667,48.36575,99.50471428571429,-0.21885714285714286,-0.31307142857142856,0.26427142857142627,-0.22280892857142853,Cortes
2202,2021,27.02541666666667,38.57641666666667,99.36699999999999,-0.8424285714285714,0.24007142857142855,0.21044503968253991,0.34322857142857144,Cortes
2202,2022,26.216583333333332,56.80516666666667,99.66257142857144,0.7671428571428571,0.07592857142857141,-0.6502146825396871,0.19198035714285713,Cortes
2202,2023,27.668166666666664,35.51866666666667,91.893,-1.6102857142857143,-0.2165,0.7495422619047574,-0.08755357142857143,Cortes
2202,2024,27.56358333333333,53.99216666666666,92.90542857142857,0.39528571428571435,-0.7722142857142857,0.5931325396825322,-0.6303732142857144,Cortes
2202,2025,26.92975,38.61625,96.77328571428572,-0.7307142857142858,-0.1722142857142857,-0.09252718253968695,-0.0174785714285714,Cortes
2202,2026,27.0865,37.261583333333334,98.1362857142857,-1.2188571428571429,-0.5503571428571429,0.012396428571424423,-0.38272678571428576,Cortes
2203,1989,23.655083333333334,37.77375,,-0.9388571428571428,,0.3450516806722774,,El Paraiso
2203,1990,23.518,41.60366666666666,,-0.12471428571428571,,0.18110560224090477,,El Paraiso
2203,1991,23.95125,38.15508333333333,92.86585714285715,-0.4927142857142857,,0.5874928571428661,,El Paraiso
2203,1992,23.572083333333335,40.296083333333335,95.03885714285715,-0.12885714285714284,,0.18146344537816006,,El Paraiso
2203,1993,22.92141666666667,74.87466666666667,99.16528571428572,1.4751428571428573,,-0.49606596638654565,,El Paraiso
2203,1994,23.736083333333337,34.12625,94.88828571428571,-0.7244285714285714,,0.29173795518208223,,El Paraiso
2203,1995,23.54675,66.12841666666667,99.032,0.4714285714285714,,0.07554187675070523,,El Paraiso
2203,1996,23.112,55.553,98.61585714285715,0.025857142857142856,,-0.3860708683473355,,El Paraiso
2203,1997,23.614083333333337,45.406000000000006,92.68728571428572,0.12085714285714286,,0.08914971988796339,,El Paraiso
2203,1998,24.29925,45.126749999999994,88.83771428571428,-0.44871428571428573,,0.7474536414565875,,El Paraiso
2203,1999,23.079333333333334,42.21925,98.15357142857144,-0.2762857142857143,,-0.4993257703081184,,El Paraiso
2203,2000,22.950083333333335,27.7175,66.81814285714286,-1.6391428571428572,,-0.6554385154061535,,El Paraiso
2203,2001,23.698833333333337,39.72716666666667,88.62142857142858,-0.9401428571428571,-1.1077142857142859,0.06644873949580798,-0.7515476190476191,El Paraiso
2203,2002,23.295833333333334,49.16908333333333,88.203,0.5645714285714286,-0.3727142857142857,-0.3634140056022339,-0.04622817460317458,El Paraiso
2203,2003,23.750249999999998,51.523583333333335,93.18285714285715,0.399,-0.4346428571428571,0.0641399159663898,-0.13783730158730156,El Paraiso
2203,2004,23.765916666666666,33.78541666666667,92.32257142857144,-0.9661428571428571,-0.9162857142857143,0.05294383753501819,-0.6491607142857143,El Paraiso
2203,2005,23.91541666666667,79.75916666666667,98.25442857142856,1.8935714285714285,0.4502142857142857,0.17558109243698183,0.6876587301587301,El Paraiso
2203,2006,24.089333333333332,43.667833333333334,95.08985714285714,0.049571428571428565,-0.9515714285714285,0.32263501400560557,-0.7438075396825397,El Paraiso
2203,2007,23.97475,51.67091666666667,96.22542857142857,-0.03314285714285714,0.1275,0.18118893557423377,0.3055833333333333,El Paraiso
2203,2008,23.69275,55.64491666666667,89.6542857142857,0.31714285714285717,-0.6977142857142857,-0.12767380952380591,-0.549311507936508,El Paraiso
2203,2009,23.604333333333333,56.770916666666665,96.61699999999999,0.9960000000000001,0.3779285714285714,-0.24295322128851282,0.4966507936507936,El Paraiso
2203,2010,23.6435,96.86816666666668,99.37599999999999,2.1904285714285714,0.8360000000000001,-0.2306492997198859,0.9250416666666668,El Paraiso
2203,2011,23.727416666666667,68.96733333333334,97.88,1.3104285714285715,0.5470714285714287,-0.17359537815125847,0.6064325396825397,El Paraiso
2203,2012,23.460166666666666,61.41983333333334,96.82185714285716,0.7784285714285714,0.762357142857143,-0.4677081232492988,0.7920376984126986,El Paraiso
2203,2013,23.852083333333336,50.99333333333334,96.57771428571428,-0.01371428571428571,0.2195,-0.10265420168066797,0.2195,El Paraiso
2203,2014,24.030916666666666,32.258916666666664,79.54528571428571,-1.3805714285714286,-1.1429285714285715,0.04931638655462223,-1.172609126984127,El Paraiso
2203,2015,23.96475,32.67783333333333,80.08285714285714,-0.30257142857142855,-0.42864285714285716,-0.04371302521008502,-0.4880039682539683,El Paraiso
2203,2016,24.482333333333333,53.33683333333334,91.30785714285715,0.009428571428571422,0.5884285714285714,0.4470075630252097,0.4993869047619047,El Paraiso
2203,2017,23.8,57.69391666666667,97.81742857142856,0.6791428571428572,0.6000714285714286,-0.26218851540615873,0.48134920634920636,El Paraiso
2203,2018,23.57258333333333,49.007666666666665,91.857,0.45614285714285707,0.2212142857142857,-0.5164679271708685,0.07281150793650792,El Paraiso
2203,2019,24.546333333333333,22.602416666666667,83.41285714285713,-1.9441428571428572,-0.36942857142857144,0.43041932773109437,-0.5475119047619048,El Paraiso
2203,2020,24.206916666666668,53.620916666666666,96.96542857142857,0.24771428571428572,0.15907142857142859,0.0641399159663898,-0.04869246031746033,El Paraiso
2203,2021,24.423916666666667,31.819916666666668,73.115,-1.1342857142857141,-0.48764285714285716,0.2542771708683489,-0.7250873015873016,El Paraiso
2203,2022,23.470333333333333,47.89383333333333,98.36957142857143,0.0018571428571428547,0.4878571428571428,-0.7261689075630251,0.22073214285714282,El Paraiso
2203,2023,24.69741666666667,37.74675,96.85014285714286,-0.4817142857142857,0.8709999999999999,0.47405168067227166,0.5741944444444443,El Paraiso
2203,2024,25.004416666666668,51.72216666666667,87.5747142857143,0.5267142857142857,-0.3635,0.7541889355742306,-0.6899861111111112,El Paraiso
2203,2025,24.262,44.09241666666667,93.84571428571428,-0.34385714285714286,-0.08285714285714285,-0.01509047619047621,-0.43902380952380954,El Paraiso
2203,2026,25.161,21.203166666666664,71.99442857142857,-1.8655714285714287,-0.406,0.857046778711485,-0.7918472222222223,El Paraiso
2204,1989,22.605333333333334,41.30766666666667,,-0.9581428571428571,,0.5114496031746043,,F. Morazan
2204,1990,22.393916666666666,47.13625,,-0.07628571428571429,,0.2698523809523792,,F. Morazan
2204,1991,22.87375,39.834333333333326,92.12314285714285,-0.5851428571428572,,0.7195051587301577,,F. Morazan
2204,1992,22.459083333333336,40.930083333333336,94.49914285714286,-0.1947142857142857,,0.2746579365079391,,F. Morazan
2204,1993,21.715999999999998,81.29483333333333,99.33142857142857,1.544,,-0.49860595238095584,,F. Morazan
2204,1994,22.740333333333336,34.69891666666667,93.69328571428572,-0.9774285714285715,,0.4955468253968256,,F. Morazan
2204,1995,22.32825,79.59491666666666,99.07414285714286,0.8377142857142857,,0.05328293650793725,,F. Morazan
2204,1996,21.862,55.4675,97.66471428571428,-0.27014285714285713,,-0.4431476190476218,,F. Morazan
2204,1997,22.338166666666666,51.15291666666667,96.19171428571428,0.18085714285714286,,0.002838492063489184,,F. Morazan
2204,1998,23.104916666666668,46.3775,84.64685714285714,-0.8722857142857142,,0.7394079365079378,,F. Morazan
2204,1999,21.999750000000002,50.08908333333333,98.25628571428571,0.009714285714285713,,-0.3959392857142845,,F. Morazan
2204,2000,21.768083333333333,25.561333333333334,63.433142857142855,-1.9605714285714286,,-0.6577865079365104,,F. Morazan
2204,2001,22.43625,34.985083333333336,85.43685714285714,-1.6208571428571428,-1.2570714285714286,-0.019800396825395694,-0.874482142857143,F. Morazan
2204,2002,22.124666666666666,49.39283333333333,86.722,0.23985714285714285,-0.7878571428571428,-0.36156428571428734,-0.4371502976190476,F. Morazan
2204,2003,22.640416666666667,58.84916666666666,95.46314285714286,0.6674285714285714,-0.6745,0.1240051587301565,-0.3556755952380952,F. Morazan
2204,2004,22.65425,35.806000000000004,97.12714285714286,-0.7442857142857143,-0.7581428571428572,0.10765793650793753,-0.47120089285714295,F. Morazan
2204,2005,22.631583333333335,84.49133333333334,98.73485714285714,1.8174285714285714,0.6865,0.05481071428571482,0.9415595238095238,F. Morazan
2204,2006,22.85983333333333,54.148583333333335,96.62414285714286,0.5225714285714286,-0.4473571428571428,0.2528801587301537,-0.22418005952380948,F. Morazan
2204,2007,22.760499999999997,50.57908333333333,95.97185714285715,-0.142,0.2242142857142857,0.12336626984126653,0.4155089285714285,F. Morazan
2204,2008,22.56475,61.0015,90.53871428571428,0.22985714285714284,-0.7968571428571429,-0.102564285714287,-0.6374449404761906,F. Morazan
2204,2009,22.4765,62.58775,96.91785714285713,1.06,0.14964285714285716,-0.22099484126984237,0.27717261904761903,F. Morazan
2204,2010,22.415499999999998,101.04666666666667,99.6467142857143,2.204428571428571,0.8531428571428571,-0.3121753968253991,0.9487901785714286,F. Morazan
2204,2011,22.602833333333333,73.75833333333334,97.68257142857144,1.2782857142857142,0.3196428571428571,-0.15502261904762094,0.3834077380952381,F. Morazan
2204,2012,22.31775,65.61883333333334,98.23557142857143,0.5997142857142858,0.7908571428571429,-0.4702865079365104,0.8227395833333334,F. Morazan
2204,2013,22.735416666666666,59.51016666666666,97.10728571428571,0.32385714285714284,0.17114285714285715,-0.08280039682539808,0.17114285714285715,F. Morazan
2204,2014,22.86991666666667,39.96875,87.127,-0.9328571428571429,-0.8492142857142857,0.021519047619047882,-0.8810967261904762,F. Morazan
2204,2015,22.926583333333337,35.1025,82.171,-0.3281428571428572,-0.3155714285714286,0.048005158730159536,-0.3793363095238096,F. Morazan
2204,2016,23.350166666666667,53.44675,91.20814285714286,-0.1622857142857143,0.26592857142857146,0.44140793650793597,0.17028125000000005,F. Morazan
2204,2017,22.55633333333333,55.540166666666664,97.49471428571428,0.21342857142857144,0.43692857142857144,-0.3826059523809562,0.30939880952380955,F. Morazan
2204,2018,22.499666666666666,47.84175,92.30628571428572,0.23471428571428574,0.11399999999999999,-0.4694531746031778,-0.04541220238095239,F. Morazan
2204,2019,23.493333333333336,29.452749999999998,89.022,-1.3478571428571429,-0.1597857142857143,0.49403293650793856,-0.3510803571428571,F. Morazan
2204,2020,22.926916666666667,56.48733333333333,96.01200000000001,0.28900000000000003,0.10907142857142856,-0.102564285714287,-0.11410565476190475,F. Morazan
2204,2021,23.347166666666666,37.034166666666664,82.17371428571428,-0.7462857142857143,-0.3739285714285714,0.2875051587301556,-0.6289880952380952,F. Morazan
2204,2022,22.303166666666666,53.56341666666666,98.52742857142857,0.15471428571428572,0.7735714285714286,-0.7866753968253981,0.4866294642857143,F. Morazan
2204,2023,23.631416666666667,42.03358333333333,96.50885714285714,-0.5007142857142857,0.45500000000000007,0.5113940476190457,0.1361755952380953,F. Morazan
2204,2024,23.865333333333336,54.336666666666666,86.36885714285714,0.39528571428571435,-0.22114285714285714,0.7151301587301582,-0.5718497023809523,F. Morazan
2204,2025,23.175416666666667,44.29216666666667,93.18385714285715,-0.38357142857142856,0.03514285714285715,-0.004967063492063772,-0.34744642857142854,F. Morazan
2204,2026,24.11283333333333,28.793583333333334,79.12400000000001,-1.3989999999999998,-0.005357142857142838,0.9022690476190434,-0.419828869047619,F. Morazan
2205,1989,27.775750000000002,76.80816666666668,,-0.9879999999999999,,0.15984861111110504,,Valle
2205,1990,28.44775,66.88875,,-0.3955714285714286,,0.7970916666666596,,Valle
2205,1991,28.573333333333334,56.41125,88.87042857142856,-0.8152857142857143,,0.8879180555555486,,Valle
2205,1992,28.067166666666665,69.1635,88.29514285714286,-0.3232857142857143,,0.3469944444444373,,Valle
2205,1993,27.72566666666667,112.51916666666666,97.856,1.350857142857143,,-0.029262500000005076,,Valle
2205,1994,28.384083333333333,59.43741666666667,94.80499999999999,-1.2327142857142857,,0.5943972222222165,,Valle
2205,1995,27.057166666666664,111.23283333333335,99.03685714285714,0.4911428571428571,,-0.7672763888888987,,Valle
2205,1996,27.1955,114.40541666666667,98.61028571428572,1.1928571428571428,,-0.6637000000000057,,Valle
2205,1997,29.199166666666667,68.79108333333333,87.18585714285715,-0.12485714285714286,,1.3052097222222194,,Valle
2205,1998,28.40725,100.09416666666668,82.73214285714286,0.5068571428571429,,0.47853611111110794,,Valle
2205,1999,27.06375,94.10208333333333,96.4262857142857,0.35428571428571426,,-0.8997208333333369,,Valle
2205,2000,27.54433333333333,76.97266666666667,90.31271428571428,-0.2325714285714286,,-0.45389444444445104,,Valle
2205,2001,27.9455,67.35091666666666,87.73228571428571,-1.2105714285714286,-1.0687857142857142,-0.08748472222222503,-0.6061601890756302,Valle
2205,2002,28.798333333333332,75.31791666666666,75.77314285714286,-0.09342857142857143,-1.0021428571428572,0.7305916666666619,-0.5780694590336135,Valle
2205,2003,28.027666666666665,105.58658333333334,96.05171428571428,1.1982857142857142,-0.33464285714285713,-0.07483194444445118,0.0508784138655462,Valle
2205,2004,28.422749999999997,69.65275000000001,97.17871428571428,-0.5114285714285715,-0.26307142857142857,0.2854944444444385,0.08389771533613444,Valle
2205,2005,27.836083333333335,112.62666666666667,97.93314285714287,1.2174285714285715,0.6735714285714285,-0.33592916666666994,0.9819884453781511,Valle
2205,2006,28.085250000000002,91.19866666666667,95.45514285714285,0.6877142857142857,-0.5948571428571428,-0.12151944444444496,-0.3249922531512604,Valle
2205,2007,27.482333333333333,86.45474999999999,97.4542857142857,-0.6474285714285715,0.24607142857142855,-0.7591930555555599,0.4773841911764706,Valle
2205,2008,27.32675,94.83741666666667,91.49242857142858,0.18414285714285716,-0.02778571428571429,-0.9495333333333349,0.1649749212184874,Valle
2205,2009,28.335250000000002,74.20291666666667,92.51814285714285,0.028428571428571425,0.018642857142857145,0.02420972222222062,0.1728513655462185,Valle
2205,2010,27.499750000000002,165.00066666666666,98.76485714285715,2.483,0.047857142857142855,-0.8460472222222215,0.16351352415966386,Valle
2205,2011,27.66633333333333,118.62008333333334,94.08871428571429,1.276142857142857,0.6625714285714286,-0.7142208333333393,0.7396756827731092,Valle
2205,2012,27.802833333333336,92.08641666666666,91.55271428571429,0.15457142857142858,0.8519285714285715,-0.6124777777777766,0.8904806985294118,Valle
2205,2013,28.237750000000002,71.801,97.37628571428571,-0.4975714285714286,-0.134,-0.21231805555555283,-0.134,Valle
2205,2014,29.09358333333333,67.30291666666666,88.20642857142857,-0.9481428571428571,0.26735714285714285,0.6087583333333306,0.22880501575630252,Valle
2205,2015,30.158666666666665,37.49775,69.88685714285714,-2.011,-2.0212142857142856,1.6390847222222185,-2.0983185399159665,Valle
2205,2016,28.851916666666668,68.996,90.153,-0.5252857142857142,-0.5152857142857143,0.2975777777777786,-0.6309420955882353,Valle
2205,2017,28.252333333333336,87.19566666666667,97.23071428571428,0.37514285714285717,0.5511428571428572,-0.3367624999999954,0.39693434873949585,Valle
2205,2018,28.775000000000002,67.421,83.21114285714285,-0.38228571428571423,0.06428571428571428,0.15114722222222454,-0.1284749212184874,Valle
2205,2019,28.98483333333333,58.66941666666667,87.98585714285716,-0.9442857142857142,-0.3480714285714286,0.3262236111111072,-0.5793841911764706,Valle
2205,2020,28.425,98.9375,94.06057142857142,0.5945714285714285,0.15514285714285717,-0.2683666666666653,-0.11472203256302518,Valle
2205,2021,28.69525,87.03724999999999,91.35242857142858,-0.01914285714285716,-0.0867142857142857,-0.032873611111110534,-0.39513130252100837,Valle
2205,2022,27.916833333333333,80.23908333333334,98.22342857142857,-0.05842857142857142,0.6431428571428571,-0.8460472222222215,0.2961737132352941,Valle
2205,2023,29.50316666666667,65.4675,99.04585714285714,-0.49142857142857144,0.0725,0.7055291666666683,-0.3130212710084033,Valle
2205,2024,28.792666666666666,115.22391666666665,99.24071428571429,1.614857142857143,0.43514285714285716,-0.03972777777777736,0.011069459033613505,Valle
2205,2025,29.536666666666665,69.43583333333333,95.95914285714287,-0.46628571428571425,0.6367142857142857,0.66951527777778,0.17408876050420163,Valle
2205,2026,31.092416666666665,48.61808333333334,77.355,-1.1994285714285715,-1.489142857142857,2.1905083333333337,-1.9903205094537815,Valle
2206,1989,19.392,81.85741666666667,,0.16671428571428573,,0.2901547619047591,,Ocotepeque
2206,1990,19.44633333333333,75.90275000000001,,0.34771428571428575,,0.2969880952380919,,Ocotepeque
2206,1991,19.672083333333333,51.16716666666667,99.3197142857143,-1.7324285714285714,,0.4752380952380939,,Ocotepeque
2206,1992,19.309583333333332,77.44483333333334,96.55442857142857,0.41800000000000004,,0.06523809523809376,,Ocotepeque
2206,1993,19.528583333333334,75.89524999999999,100.0,-0.05857142857142856,,0.23673809523809197,,Ocotepeque
2206,1994,19.52475,70.91333333333334,100.0,-0.3805714285714286,,0.18540476190475985,,Ocotepeque
2206,1995,19.66058333333333,73.56591666666667,100.0,-0.6351428571428571,,0.273738095238091,,Ocotepeque
2206,1996,19.272833333333335,83.6555,100.0,1.03,,-0.16151190476190536,,Ocotepeque
2206,1997,19.7315,59.65591666666666,99.70242857142857,-0.4462857142857143,,0.2496547619047611,,Ocotepeque
2206,1998,20.03708333333333,67.61791666666666,95.91242857142858,-0.6589999999999999,,0.5077380952380928,,Ocotepeque
2206,1999,19.13175,83.52216666666668,99.80157142857142,0.3407142857142857,,-0.445095238095238,,Ocotepeque
2206,2000,18.991083333333332,72.65416666666667,99.70514285714286,0.07228571428571429,,-0.6332619047619055,,Ocotepeque
2206,2001,19.218500000000002,68.07983333333334,97.72057142857143,-0.9401428571428572,-1.9660000000000002,-0.45334523809523475,-1.56240306122449,Ocotepeque
2206,2002,19.762333333333334,54.26575,94.06428571428572,-1.4712857142857143,-0.8899999999999999,0.04298809523809766,-0.5200361394557822,Ocotepeque
2206,2003,19.830833333333334,65.36491666666667,99.81485714285714,-0.3517142857142857,-0.2282857142857143,0.0639880952380949,0.10804506802721095,Ocotepeque
2206,2004,19.46175,67.05891666666666,100.0,-0.38899999999999996,-0.11307142857142857,-0.3525952380952404,0.18962627551020414,Ocotepeque
2206,2005,20.04925,90.42658333333334,99.82085714285714,0.8132857142857143,0.044214285714285706,0.1874047619047623,0.3132789115646259,Ocotepeque
2206,2006,19.66,93.70774999999999,99.9012857142857,1.6005714285714288,-0.2558571428571429,-0.24934523809523768,-0.02042559523809523,Ocotepeque
2206,2007,19.803833333333333,65.56766666666667,99.17342857142856,-0.534,-0.6177142857142857,-0.15301190476190385,-0.4159158163265305,Ocotepeque
2206,2008,19.599166666666665,95.6445,99.90857142857143,1.2189999999999999,-0.5994285714285714,-0.4051785714285714,-0.4312631802721088,Ocotepeque
2206,2009,19.90125,82.59691666666667,99.74142857142859,0.48,0.9063571428571429,-0.15059523809523512,1.040889455782313,Ocotepeque
2206,2010,20.33725,109.57275,100.0,2.1554285714285717,0.4316428571428571,0.2379047619047654,0.5325420918367347,Ocotepeque
2206,2011,20.241916666666665,87.84075,99.82285714285715,0.7652857142857143,0.026142857142857148,0.0950714285714298,0.0934090136054422,Ocotepeque
2206,2012,19.9965,90.56658333333333,100.0,0.554,0.7114285714285714,-0.19784523809523336,0.7450616496598639,Ocotepeque
2206,2013,20.016166666666667,74.58058333333334,99.76485714285715,-0.006571428571428577,-0.06471428571428572,-0.22567857142856695,-0.06471428571428572,Ocotepeque
2206,2014,20.08758333333333,62.059,99.68299999999999,-0.8245714285714286,-0.5630000000000001,-0.2017619047619057,-0.5966330782312925,Ocotepeque
2206,2015,20.501666666666665,46.832166666666666,99.50999999999999,-1.840714285714286,-0.7437857142857143,0.1648214285714289,-0.8110518707482993,Ocotepeque
2206,2016,20.645083333333332,66.77208333333333,99.80442857142857,-0.5165714285714286,-0.10307142857142856,0.26073809523809643,-0.20397066326530613,Ocotepeque
2206,2017,20.356083333333334,96.21916666666668,99.931,1.5105714285714285,0.45571428571428574,-0.07576190476190092,0.32118197278911564,Ocotepeque
2206,2018,20.200416666666666,64.62483333333334,100.0,-0.351,-0.021928571428571436,-0.27892857142856897,-0.19009396258503405,Ocotepeque
2206,2019,20.879833333333334,68.30833333333334,99.931,-0.9671428571428571,1.0006428571428572,0.35298809523809993,0.798844387755102,Ocotepeque
2206,2020,20.449416666666668,77.38133333333333,100.0,0.03942857142857143,0.2057857142857143,-0.1249285714285655,-0.02964583333333337,Ocotepeque
2206,2021,20.56425,81.53475,100.0,0.39300000000000007,0.9387857142857143,-0.05759523809523159,0.6697210884353741,Ocotepeque
2206,2022,20.215999999999998,87.80433333333333,99.931,0.726,0.05028571428571428,-0.45334523809523475,-0.25241198979591845,Ocotepeque
2206,2023,21.274916666666666,66.19983333333333,99.963,-0.5484285714285715,0.6912142857142858,0.5580714285714343,0.35488350340136054,Ocotepeque
2206,2024,21.41875,68.27408333333334,99.38714285714286,-0.24914285714285714,-1.1078571428571429,0.6544047619047646,-1.4778210034013606,Ocotepeque
2206,2025,20.8195,77.52075,98.66728571428573,0.3565714285714286,-0.14764285714285713,0.0076547619047673265,-0.5512397959183675,Ocotepeque
2206,2026,21.310916666666667,50.25975,96.53528571428572,-1.145857142857143,0.5571428571428572,0.45157142857143384,0.11991284013605435,Ocotepeque
2207,1989,24.831333333333333,48.15716666666666,,-0.7691428571428572,,0.39569166666666433,,Olancho
2207,1990,24.333916666666667,66.45391666666667,,1.2521428571428572,,-0.13260000000000005,,Olancho
2207,1991,24.996666666666666,42.83516666666667,99.18914285714285,-1.0194285714285714,,0.49927499999999725,,Olancho
2207,1992,24.777833333333334,48.05316666666667,97.48942857142858,-0.6522857142857142,,0.2495666666666665,,Olancho
2207,1993,23.895833333333332,74.95091666666666,100.0,0.8684285714285714,,-0.6633083333333332,,Olancho
2207,1994,24.673916666666667,49.593333333333334,99.52528571428572,-0.277,,0.08389999999999986,,Olancho
2207,1995,24.864583333333332,54.12591666666666,99.96214285714287,0.011714285714285717,,0.2436916666666633,,Olancho
2207,1996,24.08758333333333,57.54125,99.98771428571429,-0.1925714285714286,,-0.5641833333333359,,Olancho
2207,1997,24.621333333333336,61.13216666666667,96.42928571428571,0.042,,-0.0613083333333293,,Olancho
2207,1998,25.437083333333334,56.778416666666665,96.14357142857143,-0.242,,0.7235666666666667,,Olancho
2207,1999,24.647916666666664,45.083999999999996,99.85942857142857,-0.8019999999999999,,-0.0964750000000052,,Olancho
2207,2000,23.91725,48.15991666666667,96.89657142857143,-0.6545714285714286,,-0.8580166666666678,,Olancho
2207,2001,24.833583333333333,55.85616666666667,99.00414285714285,-0.30785714285714283,-0.5470714285714287,0.02744166666666814,-0.5807745098039216,Olancho
2207,2002,24.54825,62.14808333333334,99.07857142857142,0.6168571428571428,0.1717857142857143,-0.2887666666666675,0.14089122315592906,Olancho
2207,2003,25.032,56.172333333333334,99.02957142857143,-0.13557142857142856,-0.7743571428571429,0.1641083333333313,-0.8024430438842204,Olancho
2207,2004,24.822083333333335,50.22508333333334,98.94557142857143,-0.3177142857142857,0.4335,-0.07668333333333166,0.40822268907563025,Olancho
2207,2005,25.29425,78.94500000000001,99.89514285714286,1.609,0.5902142857142857,0.36460833333333653,0.5677455648926237,Olancho
2207,2006,25.21483333333333,56.97,98.36585714285715,0.3577142857142857,-0.5900714285714286,0.2543166666666643,-0.6097315592903828,Olancho
2207,2007,25.50725,57.617416666666664,95.50685714285714,0.20485714285714288,0.2355,0.515858333333334,0.2186484593837535,Olancho
2207,2008,24.917583333333337,63.425250000000005,96.31228571428572,0.5217142857142857,-0.7383571428571429,-0.10468333333333035,-0.7524000933706817,Olancho
2207,2009,25.028166666666667,58.485166666666665,99.92171428571429,0.094,0.7652142857142857,-0.02497499999999775,0.7539799253034547,Olancho
2207,2010,24.780833333333334,92.86491666666666,100.0,2.3512857142857144,0.9703571428571428,-0.30318333333333314,0.9619313725490195,Olancho
2207,2011,24.86075,62.02266666666667,99.81942857142857,0.36185714285714293,-0.4156428571428572,-0.25414166666666915,-0.4212600373482727,Olancho
2207,2012,24.796666666666667,64.25216666666667,99.71014285714286,0.6214285714285713,0.8167142857142857,-0.34909999999999997,0.813905695611578,Olancho
2207,2013,24.966333333333335,49.02108333333334,98.519,-0.8549999999999999,-0.4466428571428571,-0.2103083333333302,-0.4466428571428571,Olancho
2207,2014,25.288749999999997,43.19133333333334,91.33585714285714,-1.1507142857142856,-0.7703571428571427,0.08123333333332994,-0.767548552754435,Olancho
2207,2015,25.141916666666663,40.369166666666665,95.96642857142857,-0.5984285714285714,-0.0515,-0.0964750000000052,-0.0458828197945845,Olancho
2207,2016,25.686333333333334,61.709333333333326,99.48128571428572,0.1207142857142857,-0.020428571428571424,0.4170666666666669,-0.012002801120448174,Olancho
2207,2017,25.040833333333335,66.91716666666666,99.97471428571428,0.9311428571428572,0.5825,-0.2593083333333297,0.593734360410831,Olancho
2207,2018,24.750083333333333,57.754416666666664,98.76700000000001,0.27214285714285713,0.3330714285714286,-0.5809333333333342,0.34711437908496734,Olancho
2207,2019,25.970583333333334,31.526,89.75214285714286,-1.9615714285714285,0.12742857142857145,0.6086916666666653,0.14428011204481794,Olancho
2207,2020,25.303749999999997,67.00308333333334,99.92242857142857,0.5818571428571427,0.11764285714285713,-0.08901666666666941,0.1373029878618114,Olancho
2207,2021,25.6785,42.632083333333334,83.83185714285715,-1.6532857142857142,-0.9219285714285714,0.2548583333333312,-0.8994598506069095,Olancho
2207,2022,24.630499999999998,65.18658333333333,99.9962857142857,0.9624285714285714,0.21950000000000003,-0.8240166666666688,0.24477731092436977,Olancho
2207,2023,26.209083333333336,53.0885,99.74814285714285,-0.2372857142857143,-0.05592857142857143,0.7236916666666673,-0.027842670401493932,Olancho
2207,2024,26.19225,57.62466666666666,87.28885714285715,0.38385714285714284,-0.7422857142857142,0.6759833333333347,-0.711391223155929,Olancho
2207,2025,25.364166666666666,55.875416666666666,98.56228571428572,-0.03371428571428572,0.16178571428571428,-0.182974999999999,0.19548879551820728,Olancho
2207,2026,26.272166666666667,40.586083333333335,91.71485714285714,-1.0362857142857143,-0.8019999999999999,0.6941500000000005,-0.7654883286647992,Olancho
2208,1989,23.65416666666667,58.007666666666665,,-0.1377142857142857,,0.4416797619047763,,Santa Barbara
2208,1990,23.456166666666665,65.15633333333334,,0.8250000000000001,,0.19988809523810502,,Santa Barbara
2208,1991,23.661666666666665,65.66516666666666,99.99914285714284,0.6745714285714285,,0.36159642857143837,,Santa Barbara
2208,1992,23.234916666666667,62.086083333333335,99.64028571428571,0.7608571428571429,,-0.10894523809522738,,Santa Barbara
2208,1993,23.65416666666667,66.28325,99.96771428571428,0.5611428571428572,,0.26651309523810696,,Santa Barbara
2208,1994,23.578416666666666,39.840333333333334,99.97614285714285,-1.8474285714285714,,0.14697142857143675,,Santa Barbara
2208,1995,23.97825,68.46016666666667,99.99842857142858,0.5781428571428571,,0.5030130952381029,,Santa Barbara
2208,1996,23.30458333333333,59.25899999999999,99.99942857142857,0.5158571428571428,,-0.21444523809523375,,Santa Barbara
2208,1997,23.645333333333337,61.71675,99.967,0.5952857142857143,,0.0825130952381059,,Santa Barbara
2208,1998,24.08975,52.30141666666666,98.81771428571429,-0.33185714285714285,,0.48313809523810036,,Santa Barbara
2208,1999,23.343166666666665,55.65758333333333,99.99914285714284,0.07528571428571428,,-0.3072369047619006,,Santa Barbara
2208,2000,23.00616666666667,64.17333333333333,99.96457142857142,0.6742857142857143,,-0.6880285714285641,,Santa Barbara
2208,2001,23.177166666666665,56.04383333333334,98.79899999999999,-0.21614285714285714,-0.9785714285714286,-0.5608202380952356,-0.9283452380952382,Santa Barbara
2208,2002,23.62783333333333,52.083416666666665,99.61971428571428,-0.3765714285714286,0.054785714285714285,-0.1539452380952362,0.10082638888888888,Santa Barbara
2208,2003,23.95625,44.88975,99.9872857142857,-0.96,-0.004500000000000004,0.1306797619047657,0.03735515873015872,Santa Barbara
2208,2004,23.439916666666665,44.16958333333333,100.0,-0.4802857142857143,-0.05707142857142857,-0.42944523809523716,-0.019401785714285726,Santa Barbara
2208,2005,24.21225,66.22866666666665,99.98685714285715,0.9258571428571428,0.14885714285714288,0.29909642857143126,0.18234126984126986,Santa Barbara
2208,2006,23.711916666666667,66.12775,100.0,1.212142857142857,0.1387142857142857,-0.24502857142856982,0.1680128968253968,Santa Barbara
2208,2007,24.005666666666666,40.90425,97.32942857142858,-1.590142857142857,-1.1712142857142855,0.004929761904762131,-1.1461011904761904,Santa Barbara
2208,2008,23.871333333333336,63.94833333333333,99.91099999999999,0.8364285714285715,0.03557142857142857,-0.17319523809523574,0.05649900793650793,Santa Barbara
2208,2009,23.942083333333333,56.169000000000004,100.0,-0.24657142857142858,0.10657142857142855,-0.14623690476190632,0.12331349206349204,Santa Barbara
2208,2010,24.532833333333333,76.03658333333333,100.0,1.3077142857142856,0.29907142857142854,0.40072142857142623,0.31162797619047616,Santa Barbara
2208,2011,24.38925,65.00791666666667,100.0,0.6642857142857144,-0.3127142857142857,0.21334642857142683,-0.30434325396825396,Santa Barbara
2208,2012,23.954583333333332,63.22966666666667,99.96171428571428,0.4942857142857143,0.6513571428571429,-0.26511190476190905,0.6555426587301587,Santa Barbara
2208,2013,23.904833333333332,64.53825,100.0,0.9218571428571428,0.6272857142857142,-0.3586535714285759,0.6272857142857142,Santa Barbara
2208,2014,23.89425,50.36116666666666,99.99428571428572,-0.5317142857142857,0.02928571428571429,-0.4130285714285762,0.025100198412698418,Santa Barbara
2208,2015,24.1075,28.214166666666667,99.91585714285713,-1.9164285714285716,-0.6060714285714286,-0.24357023809524136,-0.6144424603174603,Santa Barbara
2208,2016,24.542166666666663,44.77675,99.69285714285715,-0.8544285714285714,-0.5152142857142857,0.14730476190475272,-0.5277708333333333,Santa Barbara
2208,2017,24.4675,67.92333333333333,99.99828571428573,1.2735714285714284,0.6985,0.028846428571423388,0.6817579365079365,Santa Barbara
2208,2018,24.06941666666667,45.512499999999996,99.95657142857144,-0.6288571428571429,0.18949999999999997,-0.4130285714285762,0.16857242063492062,Santa Barbara
2208,2019,24.969166666666666,41.995916666666666,99.99828571428573,-1.4914285714285713,0.23792857142857143,0.44292976190475386,0.2128154761904762,Santa Barbara
2208,2020,24.692083333333333,44.13091666666667,100.0,-1.1497142857142857,0.396,0.12205476190475295,0.3667013888888889,Santa Barbara
2208,2021,24.650333333333332,51.2305,99.99557142857142,-0.37014285714285716,-0.29142857142857137,0.036513095238085214,-0.3249126984126983,Santa Barbara
2208,2022,24.193,66.86666666666666,100.0,0.9359999999999999,0.017428571428571425,-0.46461190476191305,-0.02024107142857142,Santa Barbara
2208,2023,25.311083333333332,49.537749999999996,99.28085714285714,-0.6651428571428571,0.0937857142857143,0.6096797619047507,0.051930555555555584,Santa Barbara
2208,2024,25.608333333333334,54.029666666666664,94.52442857142857,-0.034999999999999996,-0.6659285714285714,0.8631380952380852,-0.711969246031746,Santa Barbara
2208,2025,24.831333333333333,45.49416666666667,97.38114285714286,-0.26157142857142857,-0.10092857142857144,0.042346428571416794,-0.1511547619047619,Santa Barbara
2208,2026,25.02333333333333,48.27533333333333,99.2277142857143,-0.6747142857142857,-0.1893571428571429,0.19055476190474607,-0.24376884920634923,Santa Barbara
2210,1989,25.037583333333334,40.73883333333333,,-0.9155714285714286,,0.7332753968253982,,Yoro
2210,1990,24.7015,53.99191666666667,,0.6254285714285714,,0.34824761904761914,,Yoro
2210,1991,24.95,45.77041666666667,99.232,-0.2537142857142857,,0.5478031746031746,,Yoro
2210,1992,24.350333333333335,50.08583333333333,99.33285714285715,0.5652857142857143,,-0.10080793650793396,,Yoro
2210,1993,24.629499999999997,58.85516666666666,99.78357142857143,0.6282857142857142,,0.12941428571428304,,Yoro
2210,1994,25.060333333333332,39.472166666666666,98.59414285714286,-1.352,,0.5113031746031744,,Yoro
2210,1995,25.160666666666668,58.94241666666667,99.07957142857143,0.5404285714285714,,0.5626920634920651,,Yoro
2210,1996,24.276833333333332,42.83525,99.926,-0.4778571428571428,,-0.3700857142857146,,Yoro
2210,1997,24.73,50.570750000000004,99.40642857142858,0.6255714285714287,,0.03413650793650902,,Yoro
2210,1998,25.254499999999997,49.204499999999996,98.716,0.032714285714285744,,0.5096920634920608,,Yoro
2210,1999,24.468500000000002,54.75875,99.98657142857142,0.42,,-0.32525238095237796,,Yoro
2210,2000,23.98075,47.97966666666667,99.228,-0.21428571428571427,,-0.8619468253968243,,Yoro
2210,2001,24.46225,47.58508333333333,98.81700000000001,-0.39271428571428574,-0.6692142857142857,-0.4293912698412683,-0.48010238095238095,Yoro
2210,2002,24.690583333333333,49.71091666666666,99.10357142857143,-0.03357142857142857,-0.163,-0.25000238095238103,0.010352579365079329,Yoro
2210,2003,25.21775,47.95250000000001,99.82014285714286,-0.2702857142857143,0.01464285714285714,0.22821984126984063,0.1722361111111111,Yoro
2210,2004,24.566833333333335,46.72608333333333,99.47785714285715,0.11914285714285715,-0.006571428571428568,-0.47164126984126753,0.13526249999999998,Yoro
2210,2005,25.304916666666667,54.929166666666674,99.91114285714286,0.31857142857142856,-0.039785714285714285,0.2174976190476201,0.08628888888888886,Yoro
2210,2006,24.865,60.494499999999995,99.90342857142858,1.6392857142857142,-0.43721428571428567,-0.2713634920634931,-0.32689900793650795,Yoro
2210,2007,25.284750000000003,41.72241666666667,97.01700000000001,-0.8547142857142856,-0.21007142857142858,0.09944206349206652,-0.11551547619047622,Yoro
2210,2008,25.107083333333332,53.57308333333334,99.54828571428571,0.8715714285714286,-0.26507142857142857,-0.12716904761904857,-0.18627480158730159,Yoro
2210,2009,25.127416666666665,45.57208333333333,99.89,-0.4907142857142857,-0.3153571428571429,-0.1557801587301597,-0.2523198412698413,Yoro
2210,2010,25.632666666666665,70.11791666666666,99.99528571428571,1.5785714285714287,0.7166428571428571,0.30052539682539603,0.7639208333333333,Yoro
2210,2011,25.62516666666667,51.41925,99.58657142857143,0.106,-0.17871428571428571,0.24408095238095484,-0.14719563492063492,Yoro
2210,2012,25.0505,61.977833333333336,99.88728571428571,1.0462857142857143,0.7931428571428571,-0.3795301587301587,0.8089021825396825,Yoro
2210,2013,25.033583333333336,63.917,99.94914285714286,1.550142857142857,0.2973571428571428,-0.44539126984126653,0.2973571428571428,Yoro
2210,2014,25.295583333333337,41.418166666666664,99.64514285714286,-0.907,-0.19799999999999998,-0.23233571428571054,-0.21375932539682538,Yoro
2210,2015,25.3155,30.530666666666665,99.24314285714286,-1.5138571428571428,-0.29764285714285715,-0.2613634920634915,-0.32916150793650795,Yoro
2210,2016,25.766416666666668,42.84958333333333,98.80242857142856,-0.682,0.03614285714285714,0.140608730158732,-0.011135119047619033,Yoro
2210,2017,25.69366666666667,55.846583333333335,99.986,0.854,0.08957142857142857,0.018914285714288326,0.026534126984126993,Yoro
2210,2018,25.247333333333334,47.77758333333333,99.67514285714286,0.05042857142857143,0.28814285714285715,-0.4763634920634914,0.20934623015873016,Yoro
2210,2019,26.428083333333333,37.54566666666667,97.45485714285714,-1.3764285714285713,0.14635714285714285,0.6554420634920639,0.0518011904761905,Yoro
2210,2020,25.949166666666667,51.574666666666666,99.97014285714285,-0.08285714285714285,0.4185,0.1275809523809528,0.30818472222222226,Yoro
2210,2021,26.09875,39.188250000000004,98.96542857142857,-0.7688571428571428,0.022785714285714277,0.22821984126984063,-0.10328888888888887,Yoro
2210,2022,25.249166666666667,55.00266666666667,99.97742857142858,0.7654285714285713,0.25635714285714284,-0.6703079365079354,0.1145232142857143,Yoro
2210,2023,26.66133333333333,35.859,96.60257142857142,-1.717,-0.4353571428571429,0.6929142857142843,-0.5929503968253969,Yoro
2210,2024,26.642916666666668,49.90358333333333,95.42999999999999,0.16985714285714287,-0.8136428571428571,0.6255531746031764,-0.9869954365079364,Yoro
2210,2025,26.021,42.321416666666664,98.98842857142857,-0.4745714285714286,0.2804285714285714,-0.04530793650793541,0.09131666666666671,Yoro
2210,2026,26.336583333333333,35.74408333333333,97.07828571428571,-1.3717142857142857,-0.5453571428571429,0.2213309523809528,-0.750228373015873,Yoro
3676,1989,23.65625,52.475,,-0.6811428571428572,,0.3927849206349059,,La Paz
3676,1990,23.804166666666664,56.84316666666666,,0.24314285714285713,,0.5070904761904593,,La Paz
3676,1991,23.964333333333332,38.7535,96.94457142857142,-1.001,,0.633646031746018,,La Paz
3676,1992,23.397499999999997,57.284,92.61728571428571,0.7025714285714286,,0.033201587301572744,,La Paz
3676,1993,23.367499999999996,72.49316666666667,100.0,1.3191428571428572,,-0.03040952380953854,,La Paz
3676,1994,23.9795,40.07508333333333,99.36314285714286,-1.1012857142857144,,0.5479793650793567,,La Paz
3676,1995,23.505,87.05958333333332,99.96542857142856,1.189,,0.039868253968244005,,La Paz
3676,1996,23.202749999999998,63.650666666666666,99.47628571428571,0.048285714285714286,,-0.29599285714286694,,La Paz
3676,1997,23.695166666666665,43.57391666666667,93.57228571428573,-0.3952857142857143,,0.16281269841269008,,La Paz
3676,1998,24.026583333333335,62.931333333333335,81.96228571428571,0.09828571428571428,,0.4606182539682493,,La Paz
3676,1999,23.081,61.20441666666667,97.35042857142857,0.3330000000000001,,-0.5185761904761961,,La Paz
3676,2000,22.889333333333337,31.251166666666666,89.16428571428571,-2.0435714285714286,,-0.7438539682539691,,La Paz
3676,2001,23.2655,42.96333333333333,95.005,-1.598142857142857,-1.5813571428571431,-0.4012984126984165,-1.2457000000000003,La Paz
3676,2002,23.772666666666666,46.09133333333333,83.90757142857142,-0.33442857142857146,-0.6164285714285713,0.07225714285713991,-0.30874285714285704,La Paz
3676,2003,23.79825,63.236333333333334,94.82314285714287,0.771,-0.42092857142857143,0.06422936507936328,-0.14121428571428574,La Paz
3676,2004,23.56158333333333,43.21358333333333,99.99171428571428,-0.7328571428571429,-1.0186428571428572,-0.206048412698415,-0.7669,La Paz
3676,2005,23.874666666666666,92.83766666666666,99.19485714285715,2.132285714285714,0.7965714285714286,0.07342380952380978,1.0203428571428572,La Paz
3676,2006,23.858249999999998,62.7725,99.12642857142858,0.7207142857142858,-0.23792857142857143,0.023396031746031554,-0.04212857142857143,La Paz
3676,2007,23.951666666666668,47.21,94.41499999999999,-0.6592857142857144,-0.45885714285714285,0.08320158730159122,-0.2910285714285714,La Paz
3676,2008,23.59091666666667,68.69533333333334,97.673,0.6792857142857143,-0.28357142857142853,-0.3111595238095184,-0.14371428571428568,La Paz
3676,2009,23.704083333333333,60.75666666666667,97.37442857142857,0.9301428571428572,0.5419285714285714,-0.2316039682539639,0.6538142857142857,La Paz
3676,2010,23.986499999999996,94.21775000000001,100.0,1.8487142857142858,0.8012857142857143,0.017201587301588717,0.8852,La Paz
3676,2011,23.864500000000003,77.99941666666666,96.85485714285714,1.5525714285714287,0.3115,-0.1384095238095142,0.3674428571428571,La Paz
3676,2012,23.69575,56.794000000000004,99.446,-0.1685714285714286,0.5300714285714285,-0.3407706349206272,0.5580428571428571,La Paz
3676,2013,23.94666666666667,62.66958333333333,97.83342857142857,0.298,0.2402142857142857,-0.12346507936506868,0.2402142857142857,La Paz
3676,2014,23.884833333333333,45.125750000000004,95.76228571428571,-0.9821428571428571,0.03514285714285714,-0.2189095238095149,0.007171428571428572,La Paz
3676,2015,24.575916666666668,38.570166666666665,83.46328571428572,-0.5487142857142857,-1.3272142857142857,0.43856269841271,-1.3831571428571428,La Paz
3676,2016,24.566833333333335,57.282999999999994,97.44885714285715,-0.2894285714285715,-0.0245,0.39586825396826697,-0.10841428571428571,La Paz
3676,2017,23.985666666666663,57.69166666666666,98.998,0.31700000000000006,0.19964285714285712,-0.2189095238095149,0.08775714285714284,La Paz
3676,2018,23.91,44.69266666666667,96.139,-0.2747142857142857,0.35842857142857143,-0.32818730158728826,0.21857142857142858,La Paz
3676,2019,24.5855,39.13033333333333,97.7237142857143,-0.9948571428571429,0.35578571428571426,0.31370158730160114,0.18795714285714282,La Paz
3676,2020,24.264666666666667,65.657,95.97071428571428,0.5055714285714286,-0.20235714285714285,-0.04074285714284187,-0.3981571428571429,La Paz
3676,2021,24.427333333333333,45.61641666666667,94.44742857142857,-0.5757142857142857,0.32607142857142857,0.0883126984127145,0.1023,La Paz
3676,2022,23.78925,52.373416666666664,99.322,-0.5654285714285715,0.38535714285714284,-0.5833817460317299,0.13361428571428569,La Paz
3676,2023,24.912666666666667,45.12316666666667,99.47328571428571,-0.7767142857142856,0.13707142857142857,0.5064238095238274,-0.14264285714285713,La Paz
3676,2024,25.183833333333336,51.84408333333334,88.41428571428571,-0.12628571428571428,-0.7110714285714286,0.7439793650793867,-1.018757142857143,La Paz
3676,2025,24.5065,44.23083333333333,90.76242857142857,-0.6247142857142858,0.2805714285714286,0.033034920634939624,-0.05508571428571429,La Paz
3676,2026,25.178749999999997,32.65525,93.34885714285714,-1.4004285714285716,-0.5128571428571429,0.6716738095238277,-0.8764857142857143,La Paz
3677,1989,21.701083333333333,76.37116666666667,,0.7274285714285714,,0.318899206349208,,Lempira
3677,1990,21.819333333333333,65.89241666666668,,0.4667142857142857,,0.39146666666666974,,Lempira
3677,1991,21.939666666666668,57.48808333333333,99.86542857142857,-0.23242857142857143,,0.46611746031746293,,Lempira
3677,1992,21.53741666666667,72.48133333333332,99.14514285714286,1.2607142857142857,,0.01818492063492627,,Lempira
3677,1993,21.849166666666665,63.9865,100.0,-0.14742857142857144,,0.28425238095238115,,Lempira
3677,1994,21.754416666666668,52.78691666666666,99.96642857142857,-0.9327142857142857,,0.14381984126984548,,Lempira
3677,1995,21.9325,67.77758333333334,100.0,-0.053714285714285714,,0.2762206349206373,,Lempira
3677,1996,21.515416666666667,72.1855,100.0,0.6758571428571428,,-0.18654523809523482,,Lempira
3677,1997,22.037333333333333,54.822833333333335,99.40014285714287,-0.1112857142857143,,0.28968888888888955,,Lempira
3677,1998,22.322166666666664,61.406499999999994,90.85714285714286,0.014571428571428569,,0.528839682539683,,Lempira
3677,1999,21.429916666666667,63.10725,99.7852857142857,0.037285714285714276,,-0.4090928571428556,,Lempira
3677,2000,21.183333333333334,64.02858333333333,99.27142857142857,0.11971428571428573,,-0.7013587301587272,,Lempira
3677,2001,21.435666666666666,58.21516666666667,92.22814285714286,-0.9278571428571428,-1.7830714285714286,-0.4947079365079361,-1.540326330532213,Lempira
3677,2002,22.054666666666666,50.817499999999995,93.36657142857143,-0.9188571428571429,-1.0244285714285715,0.07860952380952568,-0.8019122315592905,Lempira
3677,2003,22.123666666666665,54.78375,99.7852857142857,-0.18714285714285714,-0.08792857142857143,0.1019269841269832,0.1143590102707749,Lempira
3677,2004,21.70566666666667,45.88116666666667,99.95971428571428,-1.0757142857142856,-0.7293571428571428,-0.3617555555555505,-0.5472983193277311,Lempira
3677,2005,22.330833333333334,79.65491666666667,99.94842857142858,1.1667142857142856,-0.16207142857142856,0.21772857142857305,-0.00024136321195150634,Lempira
3677,2006,21.9135,74.09908333333333,99.9782857142857,1.0375714285714286,0.18299999999999997,-0.24528730158730028,0.3246013071895424,Lempira
3677,2007,22.0885,54.18258333333333,97.676,-0.711,0.07435714285714286,-0.11596984126984111,0.19572969187675066,Lempira
3677,2008,21.906916666666664,75.33083333333333,99.461,0.8008571428571428,-0.4507857142857143,-0.343235714285715,-0.3496419234360411,Lempira
3677,2009,22.093416666666666,66.44908333333333,99.842,0.4017142857142857,0.46464285714285714,-0.20241825396825064,0.5455578898225957,Lempira
3677,2010,22.566916666666668,97.05866666666667,100.0,2.1392857142857142,0.6708571428571429,0.22539920634920918,0.7315434173669468,Lempira
3677,2011,22.395416666666666,78.57633333333334,99.89442857142856,1.2650000000000001,0.14007142857142857,0.008216666666669425,0.18052894491129784,Lempira
3677,2012,22.116249999999997,77.00483333333334,100.0,0.5191428571428571,0.6190714285714286,-0.3166325396825407,0.6393001867413632,Lempira
3677,2013,22.1515,64.63,99.88700000000001,0.07228571428571429,0.03807142857142857,-0.32706507936507734,0.03807142857142857,Lempira
3677,2014,22.183666666666667,52.195249999999994,99.81585714285714,-1.044,0.07014285714285715,-0.3405809523809502,0.04991409897292251,Lempira
3677,2015,22.82241666666667,36.12558333333333,98.9252857142857,-2.056714285714286,-1.023642857142857,0.2524865079365135,-1.0641003734827263,Lempira
3677,2016,22.93766666666667,51.86891666666667,97.81314285714286,-1.006,-0.4429285714285714,0.3220539682539716,-0.5036148459383752,Lempira
3677,2017,22.564083333333333,79.49216666666666,99.81671428571428,1.5357142857142858,0.46935714285714286,-0.09721190476190245,0.3884421101774043,Lempira
3677,2018,22.399666666666665,45.71625,99.65885714285714,-0.872,0.21978571428571428,-0.30731111111111176,0.11864192343604112,Lempira
3677,2019,23.162916666666664,51.65175,99.84528571428572,-1.046857142857143,0.8541428571428571,0.41025634920634957,0.7327703081232493,Lempira
3677,2020,22.753833333333333,66.61066666666666,99.75914285714285,-0.16171428571428573,0.3062142857142857,-0.044509523809523444,0.1646129785247433,Lempira
3677,2021,22.850583333333333,62.526166666666676,99.98799999999999,0.12057142857142855,0.19342857142857145,0.0065579365079386776,0.031598506069094395,Lempira
3677,2022,22.395,71.72391666666667,99.99028571428572,0.4265714285714286,0.1795,-0.4947079365079361,-0.0025588235294116968,Lempira
3677,2023,23.495833333333334,47.76325,99.82428571428571,-1.323,0.07800000000000001,0.5604428571428599,-0.12428758169934631,Lempira
3677,2024,23.79433333333333,53.94683333333333,99.69414285714286,-0.34885714285714287,-0.6800714285714287,0.8132603174603155,-0.9025877684407096,Lempira
3677,2025,23.011083333333332,55.85274999999999,94.03657142857142,-0.10342857142857143,0.02221428571428571,-0.01567222222222142,-0.22053081232492985,Lempira
3677,2026,23.59691666666667,41.87083333333333,96.341,-1.3004285714285715,0.1835,0.524478571428574,-0.0794738562091502,Lempira
